{"cameraMode":{"drawMode":0,"name":"Shaded","section":"Shading Mode"},"sceneLighting":true,"audioPlay":false,"sceneViewState":{"showFog":true,"showMaterialUpdate":true,"showSkybox":true,"showFlares":true,"showImageEffects":true,"showParticleSystems":true},"in2DMode":false,"pivot":{"x":-0.5487651824951172,"y":3.1216602325439455,"z":-2.00893497467041},"rotation":{"x":-0.06871914863586426,"y":0.8990983366966248,"z":-0.1527722179889679,"w":-0.4044266641139984},"size":7.863418102264404,"orthographic":false}